{
	"info": {
		"_postman_id": "74ce2719-3978-48b7-8179-3d6844652bd1",
		"name": "MockServer",
		"schema": "https://schema.getpostman.com/json/collection/v2.1.0/collection.json",
		"_exporter_id": "6728768"
	},
	"item": [
		{
			"name": "get-categoria-title",
			"request": {
				"method": "GET",
				"header": [],
				"url": {
					"raw": "localhost:3100\\api\\categorias\\title\\quinta",
					"host": [
						"localhost"
					],
					"port": "3100",
					"path": [
						"api",
						"categorias",
						"title",
						"quinta"
					]
				}
			},
			"response": []
		},
		{
			"name": "post-categoria",
			"request": {
				"method": "POST",
				"header": [],
				"body": {
					"mode": "raw",
					"raw": ""
				},
				"url": {
					"raw": "localhost:3100\\api\\categorias",
					"host": [
						"localhost"
					],
					"port": "3100",
					"path": [
						"api",
						"categorias"
					]
				}
			},
			"response": []
		},
		{
			"name": "get-categoria-id",
			"request": {
				"method": "GET",
				"header": [],
				"url": {
					"raw": "localhost:3100\\api\\categorias\\2",
					"host": [
						"localhost"
					],
					"port": "3100",
					"path": [
						"api",
						"categorias",
						"2"
					]
				}
			},
			"response": []
		},
		{
			"name": "get-imoveis-id",
			"request": {
				"method": "GET",
				"header": [],
				"url": {
					"raw": "localhost:3100\\api\\imoveis\\99",
					"host": [
						"localhost"
					],
					"port": "3100",
					"path": [
						"api",
						"imoveis",
						"99"
					]
				}
			},
			"response": []
		},
		{
			"name": "get-imoveis-name",
			"request": {
				"method": "GET",
				"header": [],
				"url": {
					"raw": "localhost:3100\\api\\imoveis\\name\\lux",
					"host": [
						"localhost"
					],
					"port": "3100",
					"path": [
						"api",
						"imoveis",
						"name",
						"lux"
					]
				}
			},
			"response": []
		},
		{
			"name": "post-imoveis",
			"request": {
				"method": "POST",
				"header": [],
				"body": {
					"mode": "raw",
					"raw": "",
					"options": {
						"raw": {
							"language": "json"
						}
					}
				},
				"url": {
					"raw": "localhost:3100\\api\\imoveis",
					"host": [
						"localhost"
					],
					"port": "3100",
					"path": [
						"api",
						"imoveis"
					]
				}
			},
			"response": []
		}
	]
}