{
  "openapi": "3.0.1",
  "info": {
    "title": "Cofidis - Imoveis",
    "description": "Cofidis - Imoveis api explorer. ",
    "version": "1.0"
  },
  "paths": {
    "/api/Categoria": {
      "post": {
        "tags": [
          "Categoria"
        ],
        "summary": "Adiciona uma categoria",
        "requestBody": {
          "description": "",
          "content": {
            "application/json": {
              "schema": {
                "$ref": "#/components/schemas/CategoriaAddInput"
              }
            }
          }
        },
        "responses": {
          "201": {
            "description": "Created",
            "content": {
              "application/json": {
                "schema": {
                  "$ref": "#/components/schemas/CategoriaOutput"
                },
                "examples": {
                  "categoria-1": {
                    "description": "categoria-1",
                    "value": {
                      "id": 1,
                      "titulo": "Apartamento"
                    }
                  },
                  "categoria-2": {
                    "description": "categoria-2",
                    "value": {
                      "id": 2,
                      "titulo": "Casa"
                    }
                  },
                  "categoria-3": {
                    "description": "categoria-3",
                    "value": {
                      "id": 3,
                      "titulo": "Trailler"
                    }
                  }
                }
              }
            }
          },
          "401": {
            "description": "Unauthorized",
            "content": {
              "application/json": {
                "schema": {
                  "$ref": "#/components/schemas/AccessDeniedOutput"
                },
                "example": {
                  "title": "Acesso negado"
                }
              }
            }
          }
        }
      }
    },
    "/api/Categoria/{id}": {
      "get": {
        "tags": [
          "Categoria"
        ],
        "summary": "Obtem uma categoria por id",
        "parameters": [
          {
            "name": "id",
            "in": "path",
            "required": true,
            "schema": {
              "type": "integer",
              "format": "int32"
            }
          }
        ],
        "responses": {
          "200": {
            "description": "Success",
            "content": {
              "application/json": {
                "schema": {
                  "$ref": "#/components/schemas/CategoriaOutput"
                },
                "examples": {
                  "categoria-1": {
                    "description": "categoria-1",
                    "value": {
                      "id": 1,
                      "titulo": "Apartamento"
                    }
                  },
                  "categoria-2": {
                    "description": "categoria-2",
                    "value": {
                      "id": 2,
                      "titulo": "Casa"
                    }
                  },
                  "categoria-3": {
                    "description": "categoria-3",
                    "value": {
                      "id": 3,
                      "titulo": "Trailler"
                    }
                  }
                }
              }
            }
          },
          "401": {
            "description": "Unauthorized",
            "content": {
              "application/json": {
                "schema": {
                  "$ref": "#/components/schemas/AccessDeniedOutput"
                },
                "example": {
                  "title": "Acesso negado"
                }
              }
            }
          },
          "404": {
            "description": "Not Found",
            "content": {
              "application/json": {
                "schema": {
                  "$ref": "#/components/schemas/NotfoundOutput"
                },
                "example": {
                  "title": "Não encontrado"
                }
              }
            }
          }
        }
      }
    },
    "/api/Categoria/title/{title}": {
      "get": {
        "tags": [
          "Categoria"
        ],
        "summary": "Obtem um categoria por title",
        "parameters": [
          {
            "name": "title",
            "in": "path",
            "required": true,
            "schema": {
              "type": "integer",
              "format": "int32"
            }
          }
        ],
        "responses": {
          "200": {
            "description": "Success",
            "content": {
              "application/json": {
                "schema": {
                  "$ref": "#/components/schemas/CategoriaOutput"
                },
                "examples": {
                  "categoria-1": {
                    "description": "categoria-1",
                    "value": {
                      "id": 1,
                      "titulo": "Apartamento"
                    }
                  },
                  "categoria-2": {
                    "description": "categoria-2",
                    "value": {
                      "id": 2,
                      "titulo": "Casa"
                    }
                  },
                  "categoria-3": {
                    "description": "categoria-3",
                    "value": {
                      "id": 3,
                      "titulo": "Trailler"
                    }
                  }
                }
              }
            }
          },
          "401": {
            "description": "Unauthorized",
            "content": {
              "application/json": {
                "schema": {
                  "$ref": "#/components/schemas/AccessDeniedOutput"
                },
                "example": {
                  "title": "Acesso negado"
                }
              }
            }
          },
          "404": {
            "description": "Not Found",
            "content": {
              "application/json": {
                "schema": {
                  "$ref": "#/components/schemas/NotfoundOutput"
                },
                "example": {
                  "title": "Não encontrado"
                }
              }
            }
          }
        }
      }
    },
    "/api/Imoveis": {
      "post": {
        "tags": [
          "Imoveis"
        ],
        "summary": "Adiciona um imovel",
        "requestBody": {
          "description": "",
          "content": {
            "application/json": {
              "schema": {
                "$ref": "#/components/schemas/ImovelAddInput"
              }
            }
          }
        },
        "responses": {
          "201": {
            "description": "Created",
            "content": {
              "application/json": {
                "schema": {
                  "$ref": "#/components/schemas/ImovelOutput"
                },
                "examples": {
                  "imovel1": {
                    "description": "1",
                    "value": {
                      "id": 1,
                      "titulo": "Super Luxury Villa",
                      "descricao": "This villa is an incredible place to spend your holiday, any time of year. ",
                      "valor": 908587.0
                    }
                  },
                  "imovel2": {
                    "description": "2",
                    "value": {
                      "id": 2,
                      "titulo": "Victorian House with Garden and Pool",
                      "descricao": "CLEAN & SAFE: In response to the coronavirus (COVID-19), Algarve Vacation and our respective cleaning services have introduced new procedures.",
                      "valor": 73267.0
                    }
                  },
                  "imovel3": {
                    "description": "3",
                    "value": {
                      "id": 3,
                      "titulo": "SPACIOUS VILLA WITH SEA VIEWS, PRIVATE POOL",
                      "descricao": "CLEAN & SAFE: In response to the coronavirus (COVID-19), Algarve Vacation and our respective cleaning services have introduced new procedures.",
                      "valor": 254878.0
                    }
                  },
                  "imovel4": {
                    "description": "4",
                    "value": {
                      "id": 4,
                      "titulo": "Acomodação Luxury em Alto da Cruz",
                      "descricao": "A volcano rises in the distance and the Atlantic splashes against black volcanic rocks in the dramatic views from this former Pico Island distillery",
                      "valor": 314666.0
                    }
                  },
                  "imovel5": {
                    "description": "5",
                    "value": {
                      "id": 5,
                      "titulo": "Villa Ocean Haven by Atlantic Holiday",
                      "descricao": "VIlla Ocean Haven é uma vila moderna e acolhedora. É composto por quatro quartos, todos eles suites e com guarda roupas.",
                      "valor": 133733.0
                    }
                  },
                  "imovel6": {
                    "description": "6",
                    "value": {
                      "id": 6,
                      "titulo": "Acomodação Luxury em Estremoz",
                      "descricao": "A circular pool tilts toward the sky like an art installation at this gallery-like retreat near Estremoz",
                      "valor": 613599.0
                    }
                  }
                }
              }
            }
          },
          "401": {
            "description": "Unauthorized",
            "content": {
              "application/json": {
                "schema": {
                  "$ref": "#/components/schemas/AccessDeniedOutput"
                },
                "example": {
                  "title": "Acesso negado"
                }
              }
            }
          }
        }
      }
    },
    "/api/Imoveis/{id}": {
      "get": {
        "tags": [
          "Imoveis"
        ],
        "summary": "Obtem um imovel por id",
        "parameters": [
          {
            "name": "id",
            "in": "path",
            "required": true,
            "schema": {
              "type": "integer",
              "format": "int32"
            }
          }
        ],
        "responses": {
          "200": {
            "description": "Success",
            "content": {
              "application/json": {
                "schema": {
                  "$ref": "#/components/schemas/ImovelOutput"
                },
                "examples": {
                  "imovel1": {
                    "description": "1",
                    "value": {
                      "id": 1,
                      "titulo": "Super Luxury Villa",
                      "descricao": "This villa is an incredible place to spend your holiday, any time of year. ",
                      "valor": 908587.0
                    }
                  },
                  "imovel2": {
                    "description": "2",
                    "value": {
                      "id": 2,
                      "titulo": "Victorian House with Garden and Pool",
                      "descricao": "CLEAN & SAFE: In response to the coronavirus (COVID-19), Algarve Vacation and our respective cleaning services have introduced new procedures.",
                      "valor": 73267.0
                    }
                  },
                  "imovel3": {
                    "description": "3",
                    "value": {
                      "id": 3,
                      "titulo": "SPACIOUS VILLA WITH SEA VIEWS, PRIVATE POOL",
                      "descricao": "CLEAN & SAFE: In response to the coronavirus (COVID-19), Algarve Vacation and our respective cleaning services have introduced new procedures.",
                      "valor": 254878.0
                    }
                  },
                  "imovel4": {
                    "description": "4",
                    "value": {
                      "id": 4,
                      "titulo": "Acomodação Luxury em Alto da Cruz",
                      "descricao": "A volcano rises in the distance and the Atlantic splashes against black volcanic rocks in the dramatic views from this former Pico Island distillery",
                      "valor": 314666.0
                    }
                  },
                  "imovel5": {
                    "description": "5",
                    "value": {
                      "id": 5,
                      "titulo": "Villa Ocean Haven by Atlantic Holiday",
                      "descricao": "VIlla Ocean Haven é uma vila moderna e acolhedora. É composto por quatro quartos, todos eles suites e com guarda roupas.",
                      "valor": 133733.0
                    }
                  },
                  "imovel6": {
                    "description": "6",
                    "value": {
                      "id": 6,
                      "titulo": "Acomodação Luxury em Estremoz",
                      "descricao": "A circular pool tilts toward the sky like an art installation at this gallery-like retreat near Estremoz",
                      "valor": 613599.0
                    }
                  }
                }
              }
            }
          },
          "401": {
            "description": "Unauthorized",
            "content": {
              "application/json": {
                "schema": {
                  "$ref": "#/components/schemas/AccessDeniedOutput"
                },
                "example": {
                  "title": "Acesso negado"
                }
              }
            }
          },
          "404": {
            "description": "Not Found",
            "content": {
              "application/json": {
                "schema": {
                  "$ref": "#/components/schemas/NotfoundOutput"
                },
                "example": {
                  "title": "Não encontrado"
                }
              }
            }
          }
        }
      }
    },
    "/api/Imoveis/name/{name}": {
      "get": {
        "tags": [
          "Imoveis"
        ],
        "summary": "Obtem um imovel por nome",
        "parameters": [
          {
            "name": "name",
            "in": "path",
            "required": true,
            "schema": {
              "type": "integer",
              "format": "int32"
            }
          }
        ],
        "responses": {
          "200": {
            "description": "Success",
            "content": {
              "application/json": {
                "schema": {
                  "$ref": "#/components/schemas/ImovelOutput"
                },
                "examples": {
                  "imovel1": {
                    "description": "1",
                    "value": {
                      "id": 1,
                      "titulo": "Super Luxury Villa",
                      "descricao": "This villa is an incredible place to spend your holiday, any time of year. ",
                      "valor": 908587.0
                    }
                  },
                  "imovel2": {
                    "description": "2",
                    "value": {
                      "id": 2,
                      "titulo": "Victorian House with Garden and Pool",
                      "descricao": "CLEAN & SAFE: In response to the coronavirus (COVID-19), Algarve Vacation and our respective cleaning services have introduced new procedures.",
                      "valor": 73267.0
                    }
                  },
                  "imovel3": {
                    "description": "3",
                    "value": {
                      "id": 3,
                      "titulo": "SPACIOUS VILLA WITH SEA VIEWS, PRIVATE POOL",
                      "descricao": "CLEAN & SAFE: In response to the coronavirus (COVID-19), Algarve Vacation and our respective cleaning services have introduced new procedures.",
                      "valor": 254878.0
                    }
                  },
                  "imovel4": {
                    "description": "4",
                    "value": {
                      "id": 4,
                      "titulo": "Acomodação Luxury em Alto da Cruz",
                      "descricao": "A volcano rises in the distance and the Atlantic splashes against black volcanic rocks in the dramatic views from this former Pico Island distillery",
                      "valor": 314666.0
                    }
                  },
                  "imovel5": {
                    "description": "5",
                    "value": {
                      "id": 5,
                      "titulo": "Villa Ocean Haven by Atlantic Holiday",
                      "descricao": "VIlla Ocean Haven é uma vila moderna e acolhedora. É composto por quatro quartos, todos eles suites e com guarda roupas.",
                      "valor": 133733.0
                    }
                  },
                  "imovel6": {
                    "description": "6",
                    "value": {
                      "id": 6,
                      "titulo": "Acomodação Luxury em Estremoz",
                      "descricao": "A circular pool tilts toward the sky like an art installation at this gallery-like retreat near Estremoz",
                      "valor": 613599.0
                    }
                  }
                }
              }
            }
          },
          "401": {
            "description": "Unauthorized",
            "content": {
              "application/json": {
                "schema": {
                  "$ref": "#/components/schemas/AccessDeniedOutput"
                },
                "example": {
                  "title": "Acesso negado"
                }
              }
            }
          },
          "404": {
            "description": "Not Found",
            "content": {
              "application/json": {
                "schema": {
                  "$ref": "#/components/schemas/NotfoundOutput"
                },
                "example": {
                  "title": "Não encontrado"
                }
              }
            }
          }
        }
      }
    }
  },
  "components": {
    "schemas": {
      "AccessDeniedOutput": {
        "type": "object",
        "properties": {
          "title": {
            "type": "string",
            "nullable": true
          }
        },
        "additionalProperties": false
      },
      "CategoriaAddInput": {
        "type": "object",
        "properties": {
          "titulo": {
            "type": "string",
            "nullable": true
          }
        },
        "additionalProperties": false
      },
      "CategoriaOutput": {
        "type": "object",
        "properties": {
          "id": {
            "type": "integer",
            "format": "int32"
          },
          "titulo": {
            "type": "string",
            "nullable": true
          }
        },
        "additionalProperties": false
      },
      "EmptyDto": {
        "type": "object",
        "additionalProperties": false
      },
      "ImovelAddInput": {
        "type": "object",
        "properties": {
          "titulo": {
            "type": "string",
            "nullable": true
          },
          "descricao": {
            "type": "string",
            "nullable": true
          },
          "valor": {
            "type": "number",
            "format": "double",
            "nullable": true
          }
        },
        "additionalProperties": false
      },
      "ImovelOutput": {
        "type": "object",
        "properties": {
          "id": {
            "type": "integer",
            "format": "int32"
          },
          "titulo": {
            "type": "string",
            "nullable": true
          },
          "descricao": {
            "type": "string",
            "nullable": true
          },
          "valor": {
            "type": "number",
            "format": "double",
            "nullable": true
          }
        },
        "additionalProperties": false
      },
      "NotfoundOutput": {
        "type": "object",
        "properties": {
          "title": {
            "type": "string",
            "nullable": true
          }
        },
        "additionalProperties": false
      }
    },
    "securitySchemes": {
      "bearerAuth": {
        "type": "http",
        "description": "JWT Authorization header using the Bearer scheme.",
        "scheme": "bearer",
        "bearerFormat": "JWT"
      }
    }
  },
  "security": [
    {
      "bearerAuth": [
        
      ]
    }
  ],
  "tags": [
    {
      "name": "Categoria",
      "description": "Categoria dos imoveis"
    },
    {
      "name": "Imoveis",
      "description": "Imoveis"
    }
  ]
}